Anna,netflix.com
Tonny,youtube.com
James,netflix.com
Steve,spotify.com
David,apache.org
Jimmy,amazon.com
Kevin,youtube.com
Kevin,netflix.com
Rose,amazon.com
Jimmy,bestbuy.com
Rose,youtube.com
Steve,adidas.com
David,apache.org
Jimmy,amazon.com
Kevin,youtube.com
Kevin,netflix.com
Anna,google.com
Tonny,youtube.com
James,google.com
Steve,spotify.com
David,apache.org
Jimmy,google.com
Kevin,adidas.com
Kevin,netflix.com
Rose,google.com
Jimmy,bestbuy.com
Rose,youtube.com
Steve,google.com
David,apache.org
Jimmy,amazon.com
Kevin,youtube.com
KSteve,spotify.com
David,apache.org
Jimmy,amazon.com
Kevin,youtube.com
Kevin,netflix.com
Anna,google.com
Tonny,youtube.com
James,google.com
Steve,adidas.com
David,adidas.com
Jimmy,google.com
Kevin,youtube.com
Kevin,netflix.com
Rose,google.com
Jimmy,bestbuy.com
Rose,adidas.com
Steve,adidas.com
David,apache.org
Jimmy,amazon.com
Kevin,adidas.com
Tonny,tinhte.com
James,google.com
Steve,spotify.com
David,apache.org
Jimmy,google.com
Kevin,adidas.com
Kevin,netflix.com
Rose,google.com
Jimmy,bestbuy.com
Rose,youtube.com
Steve,tinhte.com
David,apache.org
Jimmy,amazon.com
Kevin,tinhte.com
KSteve,spotify.com
David,apache.org
Jimmy,amazon.com
Kevin,youtube.com
Kevin,netflix.com
Anna,google.com
Tonny,youtube.com
James,google.com
Steve,adidas.com
David,adidas.com
Jimmy,tinhte.com
Kevin,youtube.com
Kevin,netflix.com
Rose,tinhte.com
Jimmy,bestbuy.com
Rose,adidas.com
Steve,adidas.com
David,apache.org
Jimmy,tinhte.com
Kevin,adidas.com
