Edgar,Stackoverflow
Jenny,Google
Eugene,Stackoverflow
Kai,OpenAI
Gin,Facebook
Sherwin,Youtube
Jack,W3schools
Henry,Tiktok
John,Youtube
Eugene,Facebook
Kai,Stackoverflow
Gin,Google
Sherwin,Stackoverflow
Jack,Facebook
Gin,W3schools
Sherwin,Youtube
Jack,Stackoverflow
Henry,Youtube
John,Tiktok
Eugene,Google
Edgar,Stackoverflow
Jenny,Youtube
Eugene,Facebook
Kai,Google
Gin,LinkedIn
Sherwin,Stackoverflow
Edgar,Youtube
Jenny,OpenAI
Eugene,W3schools
Kai,Google
Gin,Youtube
Sherwin,Google
John,Stackoverflow
Eugene,LinkedIn
Kai,Google
Gin,Google
Sherwin,W3schools
Jack,LinkedIn
Gin,Stackoverflow
Sherwin,Google
Eugene,Tiktok
Kai,Google
Gin,Facebook
Sherwin,LinkedIn
John,Stackoverflow
Eugene,Google
Kai,Facebook